perfil,alpha,magnitud,f_gruesa,f_media,f_fina,p_observado,f_extrapolado,GCI_fina_pct,GCI_gruesa_pct,monotona,citable,f_extrapolado_robusto,p_usado,p_observado_con_signo,p_fiable
ganador_ag,0.0,cl,-0.114713,0.092944,0.140494,2.1267,0.154616,12.5644,82.9422,1,1,0.154616,2.1267,2.1267,1
ganador_ag,0.0,cd,0.044004,0.046536,0.036792,1.9442,0.033371,11.6226,2.3878,0,0,0.034021,2.0,None,0
ganador_ag,0.0,ld,-2.6069,1.9972,3.8186,1.3379,5.010787,39.0256,188.6132,1,1,5.010787,1.3379,1.3379,1
ganador_ag,1.0,cl,0.201764,0.23426,0.321591,1.4262,0.373345,20.1162,10.2758,1,1,0.350701,2.0,-1.4262,0
ganador_ag,1.0,cd,0.038702,0.03812,0.027967,4.1247,0.02735,2.7595,0.1161,1,0,0.025224,2.0,-4.3533,0
ganador_ag,1.0,ld,5.2132,6.1453,11.4988,2.5219,12.627401,12.2687,3.997,1,1,13.2833,2.0,-2.5219,0
ganador_ag,2.0,cl,0.32505,0.361438,0.457321,1.3978,0.515964,16.0291,7.6968,1,1,0.489282,2.0,-1.3978,0
ganador_ag,2.0,cd,0.035169,0.031642,0.021173,1.5696,0.015854,31.4017,7.079,1,1,0.018519,2.0,-1.9266,0
ganador_ag,2.0,ld,9.2426,11.4229,21.5993,2.2226,24.374103,16.0584,6.5056,1,1,24.991433,2.0,-2.2226,0
ganador_ag,3.0,cl,0.486264,0.572208,0.613518,1.0569,0.651752,7.7898,17.3764,1,1,0.651752,1.0569,1.0569,1
ganador_ag,3.0,cd,0.035781,0.020857,0.015173,1.3927,0.011676,28.8055,55.0206,1,1,0.013646,2.0,0.7624,0
ganador_ag,3.0,ld,13.5901,27.435,40.436,0.0907,240.727505,619.1621,971.8084,1,0,44.769667,2.0,0.0907,0
ganador_ag,4.0,cl,0.581626,0.679858,0.696481,2.563,0.699867,0.6077,3.6789,1,1,0.699867,2.563,2.563,1
ganador_ag,4.0,cd,0.033074,0.022417,0.016924,0.9561,0.011081,43.1559,63.2107,1,1,0.01541,2.0,0.4685,0
ganador_ag,4.0,ld,17.5854,30.3271,41.1546,0.2349,102.399379,186.0205,297.0622,1,0,44.763767,2.0,0.2349,0
ganador_ag,5.0,cl,0.619867,0.731893,0.815222,0.4269,1.057189,37.1014,55.5573,1,0,0.842998,2.0,0.4269,0
ganador_ag,5.0,cd,0.038645,0.033299,0.023333,0.8986,0.011801,61.7799,23.2217,1,1,0.020724,2.0,-1.2562,0
ganador_ag,5.0,ld,16.0401,21.9793,34.9384,1.1256,45.902472,39.2264,28.5773,1,1,39.2581,2.0,-1.1256,0
ganador_ag,6.0,cl,0.733515,0.804819,0.878714,0.0515,2.912295,289.2837,304.77,1,0,0.903346,2.0,-0.0515,0
ganador_ag,6.0,cd,0.06412,0.048327,0.035674,0.3198,-0.015313,178.6552,164.6071,1,0,0.032241,2.0,-0.1024,0
ganador_ag,6.0,ld,11.4397,16.6536,24.6316,0.6137,39.680438,76.3696,73.8199,1,1,27.290933,2.0,-0.6137,0
ganador_ag,7.0,cl,0.788348,0.912036,0.970923,1.0707,1.024436,6.8894,15.4051,1,1,1.024436,1.0707,1.0707,1
ganador_ag,7.0,cd,0.056001,0.06965,0.048042,0.6628,0.010986,96.4153,42.008,0,0,0.042448,2.0,None,0
ganador_ag,7.0,ld,14.0775,13.0946,20.2097,2.8558,21.350144,7.0538,1.5039,0,0,22.5814,2.0,None,0
ganador_ag,8.0,cl,0.769379,0.939261,1.038026,0.7825,1.175188,16.5171,31.3979,1,1,1.070948,2.0,0.7825,0
ganador_ag,8.0,cd,0.095195,0.10361,0.061667,2.3174,0.05114,21.3385,2.5481,0,0,0.051872,2.0,None,0
ganador_ag,8.0,ld,8.0821,9.0653,16.8327,2.9819,17.95839,8.3594,1.9648,1,1,19.421833,2.0,-2.9819,0
naca0012,0.0,cl,0.004015,0.000971,-0.00146,0.3244,-0.011101,825.4041,1554.0319,1,0,-0.00227,2.0,0.3244,0
naca0012,0.0,cd,0.032417,0.022189,0.01434,0.3819,-0.011556,225.733,190.1003,1,0,0.012398,2.0,-0.2036,0
naca0012,0.0,ld,0.1239,0.0437,-0.1018,0.8593,-0.2805,219.4252,281.7501,1,1,-0.1503,2.0,-0.8593,0
naca0012,1.0,cl,0.106535,0.088844,0.097035,1.1109,0.104097,9.0977,21.4609,0,0,0.099765,2.0,None,0
naca0012,1.0,cd,0.043046,0.024721,0.015887,1.0527,0.007665,64.695,86.2449,1,1,0.01371,2.0,0.3269,0
naca0012,1.0,ld,2.4749,3.5939,6.1078,1.1677,8.124471,41.2724,31.222,1,1,6.945767,2.0,-1.1677,0
naca0012,2.0,cl,0.160705,0.201586,0.207512,2.7863,0.208517,0.6052,4.2976,1,1,0.208517,2.7863,2.7863,1
naca0012,2.0,cd,0.037595,0.030242,0.017277,0.8182,0.00029,122.9026,39.8209,1,1,0.014336,2.0,-1.3631,0
naca0012,2.0,ld,4.2746,6.6657,12.0107,1.1605,16.337329,45.0289,36.2964,1,1,13.792367,2.0,-1.1605,0
naca0012,3.0,cl,0.212346,0.332548,0.365968,1.8467,0.378838,4.3959,17.3998,1,1,0.378838,1.8467,1.8467,1
naca0012,3.0,cd,0.041529,0.03651,0.021073,1.6209,0.013636,44.1143,8.2784,1,1,0.017545,2.0,-2.0932,0
naca0012,3.0,ld,5.1132,9.1083,17.367,1.0477,25.105609,55.6991,51.375,1,1,20.1199,2.0,-1.0477,0
naca0012,4.0,cl,0.318034,0.461239,0.497799,1.9697,0.510332,3.1472,13.3048,1,1,0.510332,1.9697,1.9697,1
naca0012,4.0,cd,0.046233,0.044681,0.02746,3.472,0.025754,7.7646,0.4301,1,1,0.023347,2.0,-3.8336,0
naca0012,4.0,ld,6.879,10.323,18.1279,1.1803,24.291783,42.5027,32.9347,1,1,20.729533,2.0,-1.1803,0
naca0012,5.0,cl,0.278885,0.4731,0.561605,1.1338,0.635705,16.493,42.9627,1,1,0.635705,1.1338,1.1338,1
naca0012,5.0,cd,0.056589,0.05284,0.032224,2.4592,0.027642,17.7751,1.9712,1,1,0.027327,2.0,-2.851,0
naca0012,5.0,ld,4.9283,8.9535,17.4284,1.0741,25.094797,54.9849,50.8348,1,1,20.253367,2.0,-1.0741,0
naca0012,6.0,cl,0.325357,0.483675,0.608686,0.3408,1.077889,96.3558,153.5675,1,0,0.650356,2.0,0.3408,0
naca0012,6.0,cd,0.066399,0.063858,0.039871,3.2388,0.037029,8.9102,0.5893,1,1,0.034078,2.0,-3.5935,0
naca0012,6.0,ld,4.9,7.5742,15.2666,1.5243,19.365882,33.5641,23.5187,1,1,17.830733,2.0,-1.5243,0
naca0012,7.0,cl,0.376002,0.488118,0.651995,0.5476,1.006958,68.0532,62.1896,1,1,0.706621,2.0,-0.5476,0
naca0012,7.0,cd,0.082573,0.093212,0.051855,1.9588,0.037531,34.5284,4.9414,0,0,0.042648,2.0,None,0
naca0012,7.0,ld,4.5536,5.2367,12.5734,3.425,13.326631,7.4883,1.674,1,1,15.018967,2.0,-3.425,0
naca0012,8.0,cl,0.398071,0.506105,0.673155,0.6288,0.978955,56.7848,48.845,1,1,0.728838,2.0,-0.6288,0
naca0012,8.0,cd,0.100103,0.11494,0.079836,1.2424,0.054137,40.2369,11.8125,0,0,0.070704,2.0,None,0
naca0012,8.0,ld,3.9766,4.4032,8.4318,3.2393,8.908924,7.0733,1.4343,1,1,9.774667,2.0,-3.2393,0
