x_les,Cp_upper_LES,Cp_lower_LES,x_inv,Cp_upper_inv,Cp_lower_inv
0.0,0.19780153036117554,0.03973228111863136,0.0,-25.23880415316457,-19.19035165588778
0.005025125574320555,0.270630419254303,0.0026822283398360014,0.005025125628140704,-7.634815533740852,-2.1101106705065322
0.01005025114864111,0.30143195390701294,-0.02080448903143406,0.010050251256281407,-5.9241795826765795,-0.1715526303256848
0.015075377188622952,0.31031399965286255,-0.0613388754427433,0.01507537688442211,-5.08851875756794,0.5369564856857431
0.02010050229728222,0.3044095039367676,-0.09662142395973206,0.020100502512562814,-4.289114467149889,0.8984453753041128
0.02512562833726406,0.2908511459827423,-0.12246265262365341,0.02512562814070352,-3.720847762250825,0.9504084926698297
0.030150754377245903,0.2790457606315613,-0.141185000538826,0.03015075376884422,-3.181224000838738,0.998462038563456
0.035175878554582596,0.2720920145511627,-0.15292739868164062,0.035175879396984924,-3.0138839240886957,0.9957013350856342
0.04020100459456444,0.26837608218193054,-0.16117335855960846,0.04020100502512563,-2.846543847338654,0.9929406316078125
0.04522613063454628,0.26150739192962646,-0.17038202285766602,0.04522613065326633,-2.6914944950514363,0.9757585688234309
0.05025125667452812,0.2503841817378998,-0.17512457072734833,0.05025125628140704,-2.5400848262657796,0.9543058722210896
0.055276382714509964,0.23846271634101868,-0.18056991696357727,0.05527638190954774,-2.3977855649365982,0.9331837887244083
0.060301508754491806,0.22324302792549133,-0.18351180851459503,0.06030150753768844,-2.328154589049514,0.9146988087434349
0.06532663106918335,0.21182149648666382,-0.18911592662334442,0.06532663316582915,-2.2585236131624296,0.8962138287624614
0.07035175710916519,0.19881781935691833,-0.1916401982307434,0.07035175879396985,-2.1892934498293157,0.8771602017126611
0.07537688314914703,0.1902194768190384,-0.19523665308952332,0.07537688442211056,-2.1236085814342522,0.8530767382600838
0.08040200918912888,0.18520471453666687,-0.1988619863986969,0.08040201005025126,-2.0579237130391888,0.8289932748075065
0.08542713522911072,0.18337830901145935,-0.20392300188541412,0.08542713567839195,-1.992238844644125,0.8049098113549292
0.09045226126909256,0.17788174748420715,-0.20763275027275085,0.09045226130653267,-1.931298467136481,0.7838841516226366
0.0954773873090744,0.17214833199977875,-0.2089911550283432,0.09547738693467336,-1.8719067801203255,0.7638566161693895
0.10050251334905624,0.1664387583732605,-0.21036818623542786,0.10050251256281408,-1.8125150931041698,0.7438290807161424
0.10552763938903809,0.1589900702238083,-0.20963284373283386,0.10552763819095477,-1.7555502798260423,0.7243334973760264
0.11055276542901993,0.15562602877616882,-0.21105344593524933,0.11055276381909548,-1.7258890179155981,0.710822643121085
0.11557789146900177,0.14853903651237488,-0.21063153445720673,0.11557788944723618,-1.6962277560051542,0.6973117888661438
0.12060301750898361,0.14612418413162231,-0.2109949141740799,0.12060301507537688,-1.6665664940947102,0.6838009346112025
0.12562814354896545,0.14022819697856903,-0.2100876420736313,0.12562814070351758,-1.638120865458406,0.6701209750255763
0.1306532621383667,0.13674293458461761,-0.20962561666965485,0.1306532663316583,-1.6207111254306799,0.6549058258130657
0.13567839562892914,0.13183684647083282,-0.2086685597896576,0.135678391959799,-1.6033013854029536,0.6396906766005551
0.14070351421833038,0.12634511291980743,-0.20836354792118073,0.1407035175879397,-1.5858916453752276,0.6244755273880446
0.14572864770889282,0.12086990475654602,-0.2080160528421402,0.1457286432160804,-1.5684819053475014,0.6092603781755341
0.15075376629829407,0.11105117201805115,-0.20989961922168732,0.15075376884422112,-1.5427558416590328,0.5928992901248562
0.1557788997888565,0.10496029257774353,-0.2069971263408661,0.15577889447236182,-1.5152339354693958,0.5762907458960316
0.16080401837825775,0.09881322085857391,-0.20669212937355042,0.16080402010050251,-1.4877120292797588,0.5596822016672068
0.1658291518688202,0.0949869379401207,-0.20832395553588867,0.1658291457286432,-1.4601901230901215,0.5430736574383821
0.17085427045822144,0.09202393144369125,-0.20927001535892487,0.1708542713567839,-1.4368502557095184,0.5285829191010929
0.17587940394878387,0.08834034204483032,-0.20936836302280426,0.17587939698492464,-1.4249293621729633,0.5198748076562124
0.18090452253818512,0.08429637551307678,-0.20887532830238342,0.18090452261306533,-1.4130084686364082,0.5111666962113319
0.18592964112758636,0.07975789159536362,-0.21279531717300415,0.18592964824120603,-1.4010875750998533,0.5024585847664513
0.1909547746181488,0.07852260023355484,-0.21344590187072754,0.19095477386934673,-1.3891666815632981,0.49375047332157085
0.19597989320755005,0.07552676647901535,-0.21458466351032257,0.19597989949748745,-1.3683715774682192,0.4825739851474998
0.2010050266981125,0.06488918513059616,-0.21894821524620056,0.20100502512562815,-1.3369108419560478,0.4684308334918204
0.20603014528751373,0.060404397547245026,-0.21817870438098907,0.20603015075376885,-1.3054501064438764,0.4542876818361411
0.21105527877807617,0.06098264828324318,-0.21537528932094574,0.21105527638190955,-1.2739893709317052,0.44014453018046173
0.21608039736747742,0.05785892531275749,-0.21614080667495728,0.21608040201005024,-1.2425286354195337,0.42600137852478237
0.22110553085803986,0.0566881038248539,-0.21365055441856384,0.22110552763819097,-1.2174203716696825,0.416333963724735
0.2261306494474411,0.055682823061943054,-0.21149423718452454,0.22613065326633167,-1.2018527611636396,0.4133885706743001
0.23115578293800354,0.0491371788084507,-0.21480292081832886,0.23115577889447236,-1.1862851506575967,0.4104431776238653
0.23618090152740479,0.04913629591464996,-0.2124525010585785,0.23618090452261306,-1.1707175401515537,0.4074977845734304
0.24120603501796722,0.048968151211738586,-0.20995089411735535,0.24120603015075376,-1.1551499296455108,0.40455239152299555
0.24623115360736847,0.04513140022754669,-0.20971934497356415,0.24623115577889448,-1.1412990603273983,0.40118931087543475
0.2512562870979309,0.04557325318455696,-0.2065393626689911,0.25125628140703515,-1.139506336275646,0.3948924521153024
0.25628140568733215,0.03898928314447403,-0.20839206874370575,0.2562814070351759,-1.1377136122238936,0.3885955933551699
0.2613065242767334,0.03538355976343155,-0.2106538563966751,0.2613065326633166,-1.1359208881721412,0.3822987345950375
0.26633167266845703,0.03626386448740959,-0.20850303769111633,0.2663316582914573,-1.1341281641203889,0.37600187583490513
0.2713567912578583,0.030618295073509216,-0.21162940561771393,0.271356783919598,-1.1323354400686365,0.3697050170747727
0.2763819098472595,0.0285806804895401,-0.2106708139181137,0.2763819095477387,-1.1243081000820812,0.36013504896924253
0.28140702843666077,0.025926390662789345,-0.21109922230243683,0.2814070351758794,-1.1129201907979032,0.3488008164905852
0.286432147026062,0.014398026280105114,-0.22125054895877838,0.2864321608040201,-1.1015322815137252,0.33746658401192775
0.29145729541778564,0.011442439630627632,-0.2225189059972763,0.2914572864321608,-1.0901443722295472,0.3261323515332704
0.2964824140071869,0.011066924780607224,-0.22256705164909363,0.2964824120603015,-1.0787564629453692,0.31479811905461297
0.30150753259658813,-4.750907464767806e-05,-0.2325364053249359,0.30150753768844224,-1.0673685536611912,0.30346388657595547
0.3065326511859894,-0.005628860555589199,-0.238124281167984,0.3065326633165829,-1.0496999470203143,0.2975163005427323
0.311557799577713,-0.009117882698774338,-0.24262918531894684,0.31155778894472363,-1.03201064820053,0.2915864611776941
0.31658291816711426,-0.010602814145386219,-0.2440839558839798,0.3165829145728643,-1.0143213493807457,0.28565662181265594
0.3216080367565155,-0.010867292061448097,-0.24505916237831116,0.32160804020100503,-0.996632050560961,0.27972678244761773
0.32663315534591675,-0.009795399382710457,-0.24336911737918854,0.32663316582914576,-0.9789427517411766,0.2737969430825795
0.3316583037376404,-0.008028050884604454,-0.24172137677669525,0.3316582914572864,-0.96312030163993,0.26869591668071074
0.3366834223270416,-0.004443523474037647,-0.23728293180465698,0.33668341708542715,-0.9553720495866876,0.26717954068084376
0.34170854091644287,-0.0003367510507814586,-0.23277460038661957,0.3417085427135678,-0.9476237975334453,0.2656631646809767
0.3467336595058441,-0.0030084275640547276,-0.23097865283489227,0.34673366834170855,-0.9398755454802029,0.26414678868110975
0.35175880789756775,-0.02925082854926586,-0.24349941313266754,0.35175879396984927,-0.9321272934269605,0.2626304126812427
0.356783926486969,-0.04213666543364525,-0.24892835319042206,0.35678391959798994,-0.9243790413737182,0.2611140366813757
0.36180904507637024,-0.04926728829741478,-0.2500956654548645,0.36180904522613067,-0.9178001574726039,0.25868259612460853
0.3668341636657715,-0.053957749158144,-0.2524104416370392,0.36683417085427134,-0.91480703197192,0.2534451954295657
0.37185928225517273,-0.056333351880311966,-0.2516753077507019,0.37185929648241206,-0.9118139064712361,0.24820779473452273
0.37688443064689636,-0.05839388445019722,-0.25312358140945435,0.3768844221105528,-0.9088207809705521,0.2429703940394798
0.3819095492362976,-0.05934726074337959,-0.2522513270378113,0.38190954773869346,-0.9058276554698682,0.23773299334443693
0.38693466782569885,-0.060759514570236206,-0.2538181245326996,0.3869346733668342,-0.9028345299691842,0.23249559264939398
0.3919597864151001,-0.061536528170108795,-0.2532652020454407,0.3919597989949749,-0.8974257916417187,0.22684667104909392
0.39698493480682373,-0.06301398575305939,-0.2551966905593872,0.3969849246231156,-0.8820157625315503,0.21949394154091784
0.402010053396225,-0.06408700346946716,-0.25513821840286255,0.4020100502512563,-0.8666057334213818,0.21214121203274164
0.4070351719856262,-0.06602416932582855,-0.25755774974823,0.40703517587939697,-0.8511957043112135,0.20478848252456555
0.41206029057502747,-0.06807544082403183,-0.25885096192359924,0.4120603015075377,-0.835785675201045,0.19743575301638935
0.4170854389667511,-0.07059785723686218,-0.2606147825717926,0.4170854271356784,-0.8203756460908764,0.19008302350821318
0.42211055755615234,-0.07378727197647095,-0.2642267346382141,0.4221105527638191,-0.8053862097261795,0.18318108224768592
0.4271356761455536,-0.07688456028699875,-0.2663360834121704,0.4271356783919598,-0.7972846381569928,0.18366150441268833
0.43216079473495483,-0.08113840967416763,-0.27126985788345337,0.4321608040201005,-0.7891830665878063,0.1841419265776907
0.43718594312667847,-0.08550014346837997,-0.2751765549182892,0.4371859296482412,-0.7810814950186197,0.1846223487426931
0.4422110617160797,-0.09132613986730576,-0.28253769874572754,0.44221105527638194,-0.7729799234494331,0.1851027709076955
0.44723618030548096,-0.09784872829914093,-0.2898997664451599,0.4472361809045226,-0.7648783518802466,0.18558319307269788
0.4522612988948822,-0.1115301325917244,-0.3045417070388794,0.45226130653266333,-0.7567767803110599,0.18606361523770026
0.45728641748428345,-0.13764992356300354,-0.3234040439128876,0.457286432160804,-0.7558278586016788,0.18366807339560948
0.4623115658760071,-0.14795856177806854,-0.33026114106178284,0.4623115577889447,-0.7560514851287299,0.18080106900597942
0.4673366844654083,-0.15165355801582336,-0.3331538438796997,0.46733668341708545,-0.7562751116557811,0.17793406461634934
0.47236180305480957,-0.1554049551486969,-0.3351094424724579,0.4723618090452261,-0.7564987381828323,0.1750670602267193
0.4773869216442108,-0.1588258445262909,-0.3373931050300598,0.47738693467336685,-0.7567223647098835,0.17220005583708922
0.48241207003593445,-0.16237086057662964,-0.33813944458961487,0.4824120603015075,-0.7569459912369346,0.1693330514474592
0.4874371886253357,-0.16746003925800323,-0.34017273783683777,0.48743718592964824,-0.7481652752156744,0.16361773618358005
0.49246230721473694,-0.17298750579357147,-0.3409333825111389,0.49246231155778897,-0.7339548950201588,0.156184875032472
0.4974874258041382,-0.1791553497314453,-0.34261196851730347,0.49748743718592964,-0.7197445148246432,0.14875201388136405
0.5025125741958618,-0.1959586888551712,-0.35047557950019836,0.5025125628140703,-0.7055341346291276,0.1413191527302561
0.5075376629829407,-0.20508365333080292,-0.3534376621246338,0.507537688442211,-0.6913237544336119,0.13388629157914805
0.5125628113746643,-0.21395409107208252,-0.3589155972003937,0.5125628140703518,-0.6771133742380963,0.12645343042804003
0.5175879597663879,-0.22176162898540497,-0.36387497186660767,0.5175879396984925,-0.6653106899645961,0.12258017409245958
0.5226130485534668,-0.2559507489204407,-0.3902629315853119,0.5226130653266332,-0.6575008343704084,0.12461002705921964
0.5276381969451904,-0.284759521484375,-0.40926650166511536,0.5276381909547738,-0.649690978776221,0.12663988002597965
0.5326633453369141,-0.28854188323020935,-0.410218745470047,0.5326633165829145,-0.6418811231820333,0.1286697329927397
0.5376884341239929,-0.2785267233848572,-0.40255746245384216,0.5376884422110553,-0.6340712675878456,0.13069958595949976
0.5427135825157166,-0.2623046040534973,-0.3889833390712738,0.542713567839196,-0.6262614119936579,0.13272943892625982
0.5477386713027954,-0.25043103098869324,-0.37809598445892334,0.5477386934673367,-0.6193762515637,0.13422677867377072
0.552763819694519,-0.23963814973831177,-0.3694380521774292,0.5527638190954774,-0.6181318149276865,0.13247573981760394
0.5577889680862427,-0.23711763322353363,-0.3675305247306824,0.5577889447236181,-0.6168873782916731,0.13072470096143718
0.5628140568733215,-0.26138442754745483,-0.386240690946579,0.5628140703517588,-0.6156429416556596,0.1289736621052704
0.5678392052650452,-0.2945840358734131,-0.4139876961708069,0.5678391959798995,-0.6143985050196461,0.1272226232491036
0.572864294052124,-0.29619717597961426,-0.41621795296669006,0.5728643216080402,-0.6131540683836326,0.12547158439293682
0.5778894424438477,-0.2904949188232422,-0.4129301905632019,0.577889447236181,-0.611909631747619,0.12372054553677003
0.5829145908355713,-0.2853471636772156,-0.40780583024024963,0.5829145728643216,-0.6016121506844021,0.118533747006355
0.5879396796226501,-0.27690184116363525,-0.39961883425712585,0.5879396984924623,-0.5907618648081471,0.11313715115310129
0.5929648280143738,-0.27822721004486084,-0.39970675110816956,0.592964824120603,-0.579911578931892,0.10774055529984759
0.5979899764060974,-0.2899309992790222,-0.4092925190925598,0.5979899497487438,-0.569061293055637,0.10234395944659389
0.6030150651931763,-0.34809553623199463,-0.45614397525787354,0.6030150753768845,-0.558211007179382,0.09694736359334019
0.6080402135848999,-0.3600296080112457,-0.46630382537841797,0.6080402010050251,-0.5473607213031272,0.09155076774008661
0.6130653023719788,-0.36842861771583557,-0.4742128551006317,0.6130653266331658,-0.5378283365875342,0.09161161211187162
0.6180904507637024,-0.3526640832424164,-0.46038705110549927,0.6180904522613065,-0.528614264679487,0.09299059260182653
0.623115599155426,-0.3704448640346527,-0.4744548499584198,0.6231155778894473,-0.51940019277144,0.09436957309178143
0.6281406879425049,-0.4040111303329468,-0.5009196996688843,0.628140703517588,-0.510186120863393,0.09574855358173634
0.6331658363342285,-0.3937428295612335,-0.4938376545906067,0.6331658291457286,-0.5009720489553461,0.09712753407169121
0.6381909251213074,-0.3819153904914856,-0.4840809404850006,0.6381909547738693,-0.49175797704729907,0.09850651456164612
0.643216073513031,-0.36343178153038025,-0.46845105290412903,0.6432160804020101,-0.4864252223138024,0.0990228537904048
0.6482412219047546,-0.4166896939277649,-0.5144858360290527,0.6482412060301508,-0.482358221762652,0.09925787311277114
0.6532663106918335,-0.4178566336631775,-0.5129724144935608,0.6532663316582915,-0.4782912212115016,0.09949289243513747
0.6582914590835571,-0.39727047085762024,-0.4919041097164154,0.6582914572864321,-0.47422422066035125,0.0997279117575038
0.6633166074752808,-0.37388157844543457,-0.4688262939453125,0.6633165829145728,-0.47015722010920086,0.09996293107987013
0.6683416962623596,-0.3687603771686554,-0.4641020596027374,0.6683417085427136,-0.4660902195580504,0.10019795040223646
0.6733668446540833,-0.42325645685195923,-0.5087335109710693,0.6733668341708543,-0.4599807766163898,0.09793208922593531
0.6783919334411621,-0.41833099722862244,-0.501467227935791,0.678391959798995,-0.4533990971830378,0.09508799532281777
0.6834170818328857,-0.3966650068759918,-0.47974130511283875,0.6834170854271356,-0.4468174177496859,0.09224390141970028
0.6884422302246094,-0.3817373216152191,-0.4658077657222748,0.6884422110552764,-0.44023573831633395,0.08939980751658272
0.6934673190116882,-0.38216322660446167,-0.46461257338523865,0.6934673366834171,-0.4336540588829819,0.08655571361346517
0.6984924674034119,-0.42592689394950867,-0.4995807707309723,0.6984924623115578,-0.4270551905859478,0.08371918901598861
0.7035176157951355,-0.413798987865448,-0.483985036611557,0.7035175879396985,-0.41523898625219835,0.08318017586685833
0.7085427045822144,-0.4036494195461273,-0.47023117542266846,0.7085427135678392,-0.4034227819184491,0.08264116271772806
0.713567852973938,-0.43819302320480347,-0.49414825439453125,0.7135678391959799,-0.3916065775846996,0.08210214956859778
0.7185929417610168,-0.4520447552204132,-0.5013261437416077,0.7185929648241206,-0.3797903732509501,0.0815631364194675
0.7236180901527405,-0.45043155550956726,-0.4981772303581238,0.7236180904522613,-0.3679741689172006,0.08102412327033721
0.7286432385444641,-0.4186597466468811,-0.4675397276878357,0.7286432160804021,-0.35755269392037686,0.08176441412778415
0.733668327331543,-0.4440728724002838,-0.4833391308784485,0.7336683417085427,-0.3497187572179984,0.08487810319204872
0.7386934757232666,-0.4365655183792114,-0.4769187271595001,0.7386934673366834,-0.34188482051561975,0.08799179225631334
0.7437185645103455,-0.4184175431728363,-0.4622013568878174,0.7437185929648241,-0.3340508838132411,0.09110548132057797
0.7487437129020691,-0.4486381411552429,-0.4825841188430786,0.7487437185929648,-0.32621694711086247,0.0942191703848426
0.7537688612937927,-0.41884079575538635,-0.45403853058815,0.7537688442211056,-0.3183830104084838,0.09733285944910722
0.7587939500808716,-0.39678746461868286,-0.4332486689090729,0.7587939698492463,-0.3146217511827761,0.09794703051991886
0.7638190984725952,-0.41610610485076904,-0.44652149081230164,0.7638190954773869,-0.31144032683340434,0.09820534043675128
0.7688442468643188,-0.4371020197868347,-0.4593733847141266,0.7688442211055276,-0.30825890248403254,0.0984636503535837
0.7738693356513977,-0.4059502184391022,-0.4295538067817688,0.7738693467336684,-0.3050774781346607,0.09872196027041612
0.7788944840431213,-0.36308085918426514,-0.3911267817020416,0.7788944723618091,-0.3018960537852889,0.09898027018724855
0.7839195728302002,-0.3978195786476135,-0.4134882688522339,0.7839195979899498,-0.29360666235106203,0.09751697598251115
0.7889447212219238,-0.4063355624675751,-0.41867032647132874,0.7889447236180904,-0.2819162232275208,0.09490738274680705
0.7939698696136475,-0.4225200414657593,-0.43206897377967834,0.7939698492462312,-0.2702257841039793,0.09229778951110289
0.7989949584007263,-0.4297717809677124,-0.4321686923503876,0.7989949748743719,-0.25853534498043784,0.08968819627539873
0.80402010679245,-0.42316198348999023,-0.42155441641807556,0.8040201005025126,-0.24684490585689636,0.08707860303969457
0.8090452551841736,-0.40193432569503784,-0.40196096897125244,0.8090452261306533,-0.23514752211507722,0.08817370328913952
0.8140703439712524,-0.43313977122306824,-0.42032405734062195,0.8140703517587939,-0.22344436018700434,0.09235124927070631
0.8190954923629761,-0.4382728338241577,-0.4211753308773041,0.8190954773869347,-0.2117411982589312,0.0965287952522732
0.8241205811500549,-0.4083743095397949,-0.39407360553741455,0.8241206030150754,-0.2000380363308581,0.10070634123384009
0.8291457295417786,-0.39836928248405457,-0.37955597043037415,0.8291457286432161,-0.18833487440278496,0.10488388721540698
0.8341708779335022,-0.3647424876689911,-0.3507551848888397,0.8341708542713568,-0.17826328766242475,0.10899611807487763
0.839195966720581,-0.3411320447921753,-0.32893112301826477,0.8391959798994975,-0.1687892424216828,0.11308442818812763
0.8442211151123047,-0.3508901298046112,-0.3306125998497009,0.8442211055276382,-0.15931519718094067,0.1171727383013777
0.8492462038993835,-0.34376901388168335,-0.3237096667289734,0.8492462311557789,-0.14984115194019854,0.12126104841462776
0.8542713522911072,-0.34118878841400146,-0.3178504407405853,0.8542713567839196,-0.14073685413644238,0.12504809360527822
0.8592965006828308,-0.3560720980167389,-0.3243310749530792,0.8592964824120604,-0.13334481080751048,0.12744001834280616
0.8643215894699097,-0.34924301505088806,-0.3190336525440216,0.864321608040201,-0.12595276747857878,0.12983194308033405
0.8693467378616333,-0.3781443238258362,-0.3350427448749542,0.8693467336683417,-0.11856072414964688,0.132223867817862
0.8743718862533569,-0.41798102855682373,-0.3625164330005646,0.8743718592964824,-0.11116868082071499,0.13461579255538997
0.8793969750404358,-0.4273890554904938,-0.36780011653900146,0.8793969849246231,-0.1039853115292749,0.13574133867017102
0.8844221234321594,-0.4396551549434662,-0.37074774503707886,0.8844221105527639,-0.09682492825304584,0.13672738972061493
0.8894472122192383,-0.41816627979278564,-0.3525126576423645,0.8894472361809045,-0.08966454497681695,0.13771344077105885
0.8944723606109619,-0.45795878767967224,-0.3785128593444824,0.8944723618090452,-0.0825041617005879,0.13869949182150276
0.8994975090026855,-0.5008051991462708,-0.40426987409591675,0.8994974874371859,-0.06724862170235457,0.1400359583979722
0.9045225977897644,-0.49894973635673523,-0.4014483392238617,0.9045226130653267,-0.051273544417952996,0.1414035716273461
0.909547746181488,-0.5261799693107605,-0.41262006759643555,0.9095477386934674,-0.035298467133551434,0.14277118485672002
0.9145728349685669,-0.5006059408187866,-0.3902449309825897,0.914572864321608,-0.020083611487167346,0.14602786493596787
0.9195979833602905,-0.4949641227722168,-0.3781622350215912,0.9195979899497487,-0.007197732904834719,0.15507179592442755
0.9246231317520142,-0.4674840271472931,-0.3521760106086731,0.9246231155778895,0.005688145677497907,0.1641157269128872
0.929648220539093,-0.4595455825328827,-0.3400041460990906,0.9296482412060302,0.018574024259830534,0.17315965790134688
0.9346733689308167,-0.4526406228542328,-0.3274323344230652,0.9346733668341709,0.031222368720770055,0.18005939814766955
0.9396985173225403,-0.4204167425632477,-0.30064156651496887,0.9396984924623115,0.04384385881288688,0.18671672737246287
0.9447236061096191,-0.42086800932884216,-0.28876936435699463,0.9447236180904522,0.056465348905003994,0.19337405659725637
0.9497487545013428,-0.3769822418689728,-0.2529938817024231,0.949748743718593,0.07623894002455119,0.20072883667274824
0.9547738432884216,-0.3229354918003082,-0.20843937993049622,0.9547738693467337,0.0969091885254217,0.20817105601272903
0.9597989916801453,-0.29990291595458984,-0.18509837985038757,0.9597989949748744,0.11752724768323111,0.21779564200899804
0.9648241400718689,-0.2637163996696472,-0.1563514918088913,0.964824120603015,0.13796907040861822,0.23478978836341105
0.9698492288589478,-0.26442751288414,-0.1436654031276703,0.9698492462311558,0.15841089313400575,0.25178393471782445
0.9748743772506714,-0.2420022338628769,-0.12240882217884064,0.9748743718592965,0.18105243930021248,0.2721403558704298
0.979899525642395,-0.23142623901367188,-0.10347666591405869,0.9798994974874372,0.2038632288600951,0.2927554653593766
0.9849246144294739,-0.2026776820421219,-0.08240671455860138,0.9849246231155779,0.2309136018547752,0.3238146795719599
0.9899497628211975,-0.15845990180969238,-0.05489266663789749,0.9899497487437187,0.26285591768939554,0.3640109779894268
0.9949748516082764,-0.0958067998290062,-0.029628457501530647,0.9949748743718593,0.31522599503401927,0.4243695140176516
1.0,-0.05021507665514946,0.0,1.0,0.5033738979433864,0.5033738979433857
