dx_min,alpha,nx,ny,Cl_mean,Cl_final,Cl_std,Cd_mean,Cd_final,Cd_std,Ef_mean,Ef_final,Cl_p,Cl_v,Cd_p,Cd_v,Cl_bl,Cd_bl,Ef_bl,elapsed_s,its_per_s
0.0005,-10.0,2895,2343,-0.4843683881419046,-0.47494736313819885,0.01445574425016028,0.1277479146208082,0.12191438674926758,0.00603501152800028,-3.7915952646244473,-3.8957450043610393,-0.4938592891566959,0.019390490863439164,0.10181660090847115,0.019857137119916053,-0.564548142780983,0.10181660090847115,-5.544755351718018,453.620881319046,4.408968110516359
0.0005,-9.0,2895,2343,-0.46192763639347895,-0.4508293867111206,0.014029592293376091,0.12123239146811622,0.11472491919994354,0.006158875353531449,-3.8102658109731724,-3.9296552994333465,-0.4692686261203459,0.018645298048388378,0.09401772054893791,0.02053262878076914,-0.540714579916376,0.09401772054893791,-5.751198569368892,453.70335698127747,4.408166634047039
0.0005,-8.0,2895,2343,-0.4382978209427425,-0.42517897486686707,0.014187827462651773,0.11598664575389453,0.10880745202302933,0.006319384219837291,-3.7788645243931076,-3.9076273450174814,-0.4432416683203657,0.017671349360212085,0.08630722430136864,0.02228764965434846,-0.5049878332649517,0.08630722430136864,-5.851049403484798,451.02714800834656,4.434322875755117
0.0005,-7.0,2895,2343,-0.3943255032811846,-0.3815653920173645,0.013927968858926259,0.10990087954061371,0.10351932793855667,0.0058985181302601735,-3.588010441130839,-3.6859338214003916,-0.3981861218454585,0.016174837899885573,0.08070218013890079,0.02268977630036876,-0.4556678889083488,0.08070218013890079,-5.646289705235654,451.14011693000793,4.43321248753032
0.0005,-6.0,2895,2343,-0.35693429729768206,-0.351942241191864,0.009949922827780193,0.10534611264509815,0.10001782327890396,0.00505272979159992,-3.3882056806420806,-3.5187952472276676,-0.36738589199123706,0.014778106872013235,0.07573548361682685,0.024144675035315304,-0.40885014461876357,0.07573548361682685,-5.398396169057084,451.3249135017395,4.431397293099557
0.0005,-5.0,2895,2343,-0.30206659010478426,-0.29784196615219116,0.006907041760822383,0.09787079026656491,0.09286504238843918,0.004401926672759353,-3.0863814349722043,-3.2072560189696278,-0.3105423753909877,0.012617390859993437,0.06814362260246076,0.024523184211674858,-0.34674008084045616,0.07585869097425307,-4.570868233913263,453.40557837486267,4.411061741164679
0.0005,-4.0,2895,2343,-0.24795243569782802,-0.24674640595912933,0.004244610692291545,0.09135402685829572,0.0870332196354866,0.003873563656337939,-2.714192731563336,-2.835083052109931,-0.2576071416556723,0.010521661636063986,0.0607080209567572,0.026210945310045333,-0.28294659689908097,0.07788615249654504,-3.6328228809560494,451.01991724967957,4.4343939668917605
0.0005,-3.0,2895,2343,-0.17341625850115502,-0.171920046210289,0.004402683936212643,0.08252820931375027,0.07839339226484299,0.0036266570537199904,-2.1012967558992175,-2.1930425670249996,-0.1798783126618569,0.007538464433241069,0.05171771443799204,0.026511537465410167,-0.2028883944832774,0.06659169749910902,-3.0467521042843515,452.8210697174072,4.416755609998765
0.0005,-2.0,2895,2343,-0.11291383100407464,-0.11050538718700409,0.0031500142911265565,0.07693147579474109,0.07249990105628967,0.0038005161472538774,-1.4677195496072004,-1.524214317219641,-0.11574395939904208,0.005024499460972272,0.04636520667026592,0.02603175721408836,-0.13342108280174952,0.05685204015659366,-2.346812575841668,450.97276544570923,4.434857608359882
0.0005,-1.0,2895,2343,-0.052122710937900205,-0.05142602324485779,0.001791638618646987,0.0769187965031181,0.07248631119728088,0.0035032101220187255,-0.6776329493895199,-0.709458412153092,-0.054348939837269766,0.002562933039827789,0.045780042228547584,0.026499390193268576,-0.06377717903009547,0.056266553251599405,-1.1334829546944494,453.25619077682495,4.41251557220266
0.0005,0.0,2895,2343,-2.1795486913690964e-05,-3.021674456249457e-05,2.9956323280970552e-05,0.07551417765872818,0.0714707002043724,0.0035034643388948306,-0.00028862774633117873,-0.00042278506403447804,1.077349678794276e-05,7.685848770172098e-07,0.04494756017888505,0.026372356070929505,-6.029781070537865e-05,0.05530972678940346,-0.001090184569794889,451.57331347465515,4.428959684554635
0.0005,1.0,2895,2343,0.05203156332884516,0.051342472434043884,0.0017829598453294447,0.07690987869032792,0.0724700316786766,0.0035007218447295598,0.6765263996624737,0.7084648818933904,0.05428226744161156,-0.00256138823923488,0.04575697593270966,0.02649787548785548,0.06356518270045441,0.05624348695576148,1.1301785529487502,451.8970444202423,4.425786857194174
0.0005,2.0,2895,2343,0.11286613158881664,0.1105242446064949,0.003139411259075442,0.07692607971174377,0.07250206917524338,0.0038016767561288856,1.467202436569586,1.5244288316702914,0.11569835134768361,-0.005023771005382613,0.04635966372301083,0.02602993648882716,0.13325022592420813,0.05684649720933858,2.3440358239402332,451.2239954471588,4.432388392860221
0.0005,3.0,2895,2343,0.17336670788271086,0.17192433774471283,0.004333170262226463,0.08252946234175138,0.07839734852313995,0.003638246142782684,2.1006644531961918,2.192986637730066,0.17994923373511476,-0.007538482217079049,0.05172415674986071,0.02651139452329796,0.20281671396028547,0.0665981398109777,3.045381065235912,451.24489521980286,4.4321831032034025
0.0005,4.0,2895,2343,0.24795277363487653,0.24676035344600677,0.004287952189154984,0.09135592037013598,0.08703331649303436,0.003884558928699347,2.7141401742796263,2.83524015157754,0.25760452025611974,-0.010521908187494797,0.06070216497832751,0.02620893188612385,0.28285342393958895,0.07788029651811534,3.6318996791928733,451.52255725860596,4.429457549458633
0.0005,5.0,2895,2343,0.3020108331527029,0.2978142201900482,0.006892130649580286,0.0978549886494875,0.09284622967243195,0.004404857038242672,3.0863100320259926,3.207607042749693,0.3105553828886869,-0.012618033375059283,0.06814082421993196,0.02451931825595845,0.3465741791803435,0.07585589259172429,4.568849793195288,451.96351981163025,4.42513590661822
0.0005,6.0,2895,2343,0.35690319325242725,0.35212400555610657,0.009923911223734884,0.10533703384654862,0.10004819184541702,0.005042560954875233,3.38820242244861,3.5195439223946012,0.36748768638397444,-0.014780910479999026,0.07575545339248305,0.024143461946715232,0.4086405075321951,0.07575545339248305,5.394205819283541,451.47969126701355,4.429878106781025
0.0005,7.0,2895,2343,0.39427463178123745,0.38156598806381226,0.013911145528754445,0.10989204182156495,0.10351746529340744,0.005892007213012868,3.5878360729836394,3.6860059023113703,0.39819567948116397,-0.01617747631757805,0.08070999904291817,0.02268708557702581,0.4556328659747601,0.08070999904291817,5.6453087768279335,453.49872851371765,4.410155694492764
0.0005,8.0,2895,2343,0.4382213609559195,0.4251519739627838,0.014142572241148328,0.11598282333995615,0.10879955440759659,0.006328014384971346,3.778329827956102,3.9076628234159285,0.44325971064529357,-0.01767202263962382,0.08630621915279857,0.02228888710724521,0.5047147265496261,0.08630621915279857,5.847953154523746,452.25210881233215,4.422312159587797
0.0005,9.0,2895,2343,0.46189067725624355,0.4507198631763458,0.014046520762911434,0.12123670083071504,0.11471256613731384,0.006165853603657356,3.8098255238831493,3.9291237076574745,0.469333609498587,-0.018647462808395746,0.09404033825542454,0.02053186472953102,0.5407033944619648,0.09404033825542454,5.749696401488383,454.04765009880066,4.404824030175688
0.0005,10.0,2895,2343,0.4842987731099129,0.4749252498149872,0.014501793727861013,0.12773730605840683,0.12192268669605255,0.006044704533631034,3.791365170081724,3.895298427920582,0.49393865280185156,-0.01939332019836922,0.10184466315207796,0.01985751933488472,0.564502240072044,0.10184466315207796,5.54277683877367,449.20875358581543,4.4522729889722115
0.001,-10.0,1479,1203,-0.47957401829106466,-0.47648271918296814,0.014252774935095294,0.10645499027201108,0.10853087902069092,0.002837904687211762,-4.504946335213308,-4.390296323796741,-0.48498186309307967,0.009337658758342506,0.09923495995831741,0.008973166030422275,-0.5481277106890386,0.09923495995831741,-5.523534356433196,221.10864424705505,9.04532704639673
0.001,-9.0,1479,1203,-0.48807528827871594,-0.4906117022037506,0.005746380927226601,0.10424262258623328,0.104585662484169,0.001894148151998271,-4.6821086823191,-4.6910034372829434,-0.500102500354174,0.009567433723181687,0.09496239985517971,0.009470113512723092,-0.5448222320010058,0.09496239985517971,-5.737241611752386,220.89177751541138,9.05420755129947
0.001,-8.0,1479,1203,-0.45461406239441465,-0.45700010657310486,0.006278960374038797,0.09740972785013062,0.09525953978300095,0.00286143727233407,-4.667029386365389,-4.7974208946856205,-0.46591300682470277,0.009198218376763937,0.08525445919669389,0.009929268318376903,-0.5066942337706922,0.08525445919669389,-5.9433164968142975,223.7971522808075,8.936664205139294
0.001,-7.0,1479,1203,-0.42133900097438265,-0.43151476979255676,0.005531492220948128,0.09206463396549225,0.0908159390091896,0.0023343681680319194,-4.576556521501072,-4.751531223488115,-0.4412483107833497,0.008682373798254943,0.08006824325964808,0.010709176060408833,-0.4653370582761544,0.08006824325964808,-5.811755564152235,221.81178379058838,9.016653515072905
0.001,-6.0,1479,1203,-0.3850439637899399,-0.3908401429653168,0.0038307683458593364,0.08706142966236387,0.08544319868087769,0.00230315164423914,-4.422669892777927,-4.5742686252309905,-0.40027444889313346,0.007873205695433826,0.0737354001871925,0.011794013398228009,-0.41946706415339263,0.0737354001871925,-5.688815183595519,219.86314415931702,9.096567811068699
0.001,-5.0,1479,1203,-0.32656336043562206,-0.3369024991989136,0.005582947685119863,0.07925051636993885,0.07722009718418121,0.0020473406336877467,-4.120646468866333,-4.3628862366664976,-0.3442349170500961,0.006772898840415286,0.06545181108311525,0.011668188876139454,-0.3562980709359005,0.07316687945490756,-4.869663344812806,219.7339415550232,9.10191655347512
0.001,-4.0,1479,1203,-0.2683393678494862,-0.27897530794143677,0.005593726132699146,0.0713198089173862,0.0694463700056076,0.0019045887082488016,-3.7624801849976772,-4.0171330469671815,-0.2855855782025962,0.005679307872094258,0.05658846938620426,0.012735190091186517,-0.29122596867413464,0.0737666009259921,-3.9479380236906025,219.83512806892395,9.09772709015344
0.001,-3.0,1479,1203,-0.18296956430588449,-0.19024057686328888,0.004359220911133574,0.06222351188106196,0.059343963861465454,0.002374334707347916,-2.9405213363016913,-3.2057274992178293,-0.19326211234599946,0.0040483144464724535,0.04699590992256247,0.01228483596692093,-0.20294339369709888,0.06186989298367945,-3.280163968452846,219.84738039970398,9.097220064045361
0.001,-2.0,1479,1203,-0.11779290890055043,-0.12152649462223053,0.0015276524431869184,0.05677114014646837,0.053941112011671066,0.0022404844248088266,-2.0748730533973276,-2.2529475216591055,-0.12445056587586029,0.002589019843623274,0.04111069093034309,0.012676308355806288,-0.13290848238495773,0.05159752441667084,-2.5758693636475285,219.21442437171936,9.12348722367203
0.001,-1.0,1479,1203,-0.04204475999410663,-0.03686125576496124,0.0026392024589663096,0.05713280822549548,0.05389334261417389,0.0024435805089101335,-0.7359127146028188,-0.6839667754300097,-0.03812483809737623,0.000944969409524701,0.040696478090843244,0.013018433436997719,-0.05421193413649688,0.051182989113895065,-1.059178744247657,219.05280828475952,9.130218487772517
0.001,0.0,1479,1203,-2.509852725753246e-05,6.210687388374936e-06,2.673499409135753e-05,0.05652579212827342,0.05376255884766579,0.0022474442915131412,-0.00044401902764275503,0.00011552068059060745,-2.6290317914103023e-05,1.8987795173241312e-07,0.04078298261333638,0.012779368092453846,2.0174036762909964e-05,0.05114514922385479,0.0003944467279704508,218.75273299217224,9.142742916366522
0.001,1.0,1479,1203,0.04201759956777096,0.03683053329586983,0.002624985609315442,0.05713328506265368,0.0538894347846508,0.002441957697384165,0.7354311855461049,0.6834462718536469,0.038071240186120944,-0.0009448631813981766,0.04070937873254156,0.01301842653504275,0.05436552681077262,0.05119588975559339,1.0619119439140705,219.40807175636292,9.115434924476515
0.001,2.0,1479,1203,0.11779392058295864,0.1215122863650322,0.0015265632597406397,0.05677001231483051,0.053933847695589066,0.002241333112881167,2.0749320949537005,2.2529875311486443,0.12449238663146392,-0.0025893372241762064,0.04111580743715605,0.012675974360207155,0.13301930927266478,0.0516026409234838,2.5777616589411636,218.76782083511353,9.142112365362046
0.001,3.0,1479,1203,0.18298606840627535,0.19026853144168854,0.0043619102526219295,0.06222831577594791,0.05934891104698181,0.002370583926310188,2.940559552746275,3.2059312982350776,0.19330474074447443,-0.0040489872930758505,0.046993194462200696,0.012284574942857583,0.20309926944514542,0.06186717752331768,3.282827463215006,219.91013741493225,9.094623938260504
0.001,4.0,1479,1203,0.2683619015983173,0.2790962755680084,0.005606946916343897,0.07132285061691489,0.06944706290960312,0.0019019827268752646,3.762635666929902,4.018834834401831,0.28567680694976255,-0.005680722924802001,0.05659958640049792,0.01273551241565633,0.2912303389437726,0.07377771794028576,3.9474023739727047,218.90896606445312,9.136217835002437
0.001,5.0,1479,1203,0.3265760615468025,0.33691900968551636,0.005575008228589056,0.07925592735409737,0.07721792906522751,0.002046911087690957,4.120525397270734,4.363222554193524,0.34430979418328705,-0.006773395539556429,0.06547934591129029,0.011668068896222303,0.3562998819597492,0.0731944142830826,4.867856180688103,220.15342044830322,9.084573820962474
0.001,6.0,1479,1203,0.3850368761590549,0.390950471162796,0.003852847181274722,0.08706810139119625,0.0854678750038147,0.0022951053721170377,4.422249595510157,4.574238813651874,0.400392670071984,-0.007873795345572256,0.07376346236510598,0.011793526613800604,0.4196159708016211,0.07376346236510598,5.688669665811697,219.40680146217346,9.11548769988704
0.001,7.0,1479,1203,0.42138778631176266,0.43158161640167236,0.005533896204035181,0.0920753859515701,0.09084206819534302,0.002327431812025131,4.576551941182246,4.750900381017495,0.44128184793461894,-0.008683030966456588,0.08007747814901386,0.010709076552964852,0.4653553388276391,0.08007747814901386,5.811313612569976,220.06292963027954,9.08830943657859
0.001,8.0,1479,1203,0.45462975225278307,0.45703238248825073,0.006256956436696126,0.09742123926324504,0.09526825696229935,0.002855683614699685,4.666638976171443,4.7973207137516205,0.46599852128188,-0.009198969464094205,0.08527704173212013,0.009931262267264387,0.5068496454805371,0.08527704173212013,5.943565057905017,219.55856704711914,9.109186796481428
0.001,9.0,1479,1203,0.4881122591240065,0.4906178414821625,0.0056909787106866365,0.10426364014191287,0.10459696501493454,0.0018875144816759178,4.681519448770814,4.690555231809175,0.5002252160129147,-0.009568110134271161,0.09499436230369099,0.009469672760471781,0.5450707257013702,0.09499436230369099,5.737927098861019,218.72988939285278,9.143697761433385
0.001,10.0,1479,1203,0.4796108326741627,0.4765412211418152,0.014205548787019474,0.10647012665867805,0.10856486111879349,0.0028283594603316507,4.504651658879858,4.389460975042153,0.4850786570835519,-0.00933990107170999,0.09927139751263842,0.008974125091897435,0.5483872781812745,0.09927139751263842,5.524121669703082,219.68888211250305,9.103783408464869
