dx_grueso,alpha_deg,cd_medio,cl_medio,ef_medio,cd_final,cl_final,ef_final
0.004,0,0.020728806033730507,-0.00013785118062514812,-0.006650222902410912,0.02068144455552101,-0.00011139779962832108,-0.005386364541860926
0.004,1,0.020855601876974106,0.3085130751132965,14.79281571125091,0.020727243274450302,0.3471531867980957,16.748642460621788
0.004,2,0.04718662425875664,1.0611605644226074,22.48858826186709,0.043147798627614975,1.9089112281799316,44.24121945721262
0.004,3,0.05615008622407913,1.4429588317871094,25.698247835785477,0.03831944614648819,2.0724539756774902,54.0836098662512
0.004,4,0.06704775243997574,1.766921877861023,26.353185805040273,0.0533057376742363,2.3154983520507812,43.438069766547976
0.004,5,0.10709653049707413,2.0833113193511963,19.45264995683602,0.0851435586810112,2.6272027492523193,30.856153888224085
0.004,6,0.1840740293264389,2.1040425300598145,11.430414913819712,0.23651467263698578,2.3791515827178955,10.059213477928843
0.004,7,0.24782082438468933,2.0157058238983154,8.133722534831694,0.36278286576271057,2.1747641563415527,5.994671638555348
0.004,8,0.6938733458518982,2.6708710193634033,3.8492197968553756,0.9306710958480835,-1.236518144607544,-1.3286306517134867
0.004,9,0.3790019750595093,2.3306751251220703,6.149506542165427,0.583968997001648,2.7183313369750977,4.654924064346222
0.004,10,0.47568362951278687,2.532763719558716,5.324471061055576,0.7634991407394409,3.2160375118255615,4.212234618510327
0.004,11,0.5601642727851868,2.702702522277832,4.824839165196584,0.8836034536361694,3.447091579437256,3.901174859889833
0.004,12,0.6675290465354919,2.9187748432159424,4.372506122938807,1.0468982458114624,3.7421329021453857,3.574495340991633
0.003,0,0.01524480152875185,0.0016863696509972215,0.11061932474599366,0.01535958331078291,-7.468234980478883e-05,-0.004862264053241566
0.003,1,0.0173517893999815,0.4195881485939026,24.181261017053952,-0.2944793403148651,-10.911996841430664,37.05522034164865
0.003,2,0.02343614771962166,0.5434548258781433,23.188743831954163,0.023813443258404732,0.628045916557312,26.373586958519706
0.003,3,0.04304961860179901,1.052597165107727,24.450789560856638,0.061474572867155075,1.754602313041687,28.541919548320184
0.003,4,0.06882721930742264,1.5344347953796387,22.29401116040959,0.07370559126138687,2.2662980556488037,30.74798013100099
0.003,5,0.08747000992298126,1.7139067649841309,19.59422168230292,0.08088375627994537,2.362391710281372,29.207245297868447
0.003,6,0.0995103120803833,2.0256893634796143,20.356577334852346,0.09804686158895493,2.5290770530700684,25.794574268708377
0.003,7,0.12254684418439865,2.1596853733062744,17.623345486208958,0.15789131820201874,2.66776967048645,16.896240406791037
0.003,8,0.14360369741916656,2.2674131393432617,15.789378547300785,0.1551957130432129,2.805866003036499,18.079532920185947
0.003,9,0.16286951303482056,2.3614683151245117,14.49914272549979,0.17711909115314484,2.8475592136383057,16.077087992599186
0.003,10,0.1904177963733673,2.4749534130096436,12.997490046344227,0.1997837871313095,2.9017186164855957,14.524294779628027
0.003,11,0.42048391699790955,2.473982810974121,5.88365621362498,0.5753219723701477,2.8899905681610107,5.023257770349267
0.003,12,0.4942150115966797,2.5973081588745117,5.255421421707299,0.7010531425476074,3.1274564266204834,4.461083242927055
0.002,0,0.013847499154508114,-0.0052531007677316666,-0.3793537525526042,0.013579844497144222,-0.0005271964473649859,-0.038821979697621196
0.002,1,0.013219510205090046,0.21795512735843658,16.487382964802663,0.013107757084071636,0.2646176815032959,20.187868893668742
0.002,2,0.017138265073299408,0.45936837792396545,26.80366863035858,0.01723974384367466,0.5494098663330078,31.86879522775443
0.002,3,0.024228541180491447,0.7530036568641663,31.079199166579475,0.022212736308574677,0.9257990717887878,41.67874947632661
0.002,4,0.035181283950805664,1.0334423780441284,29.374777210780625,0.05007081478834152,1.4638729095458984,29.236051295229696
0.002,5,0.05128157138824463,1.3094143867492676,25.533819485286426,0.08607785403728485,1.7888702154159546,20.782002937028388
0.002,6,0.07349027693271637,1.6140564680099487,21.96285733808963,0.0917707085609436,2.080162525177002,22.66695504258416
0.002,7,0.09304147213697433,1.86012601852417,19.992439670190503,0.09677353501319885,2.232731342315674,23.07171420379708
0.002,8,0.11052101850509644,1.9605927467346191,17.739546497612224,0.11552976071834564,2.323068380355835,20.10796495994942
0.002,9,0.13870550692081451,2.1067323684692383,15.188527227487436,0.14734293520450592,2.529291868209839,17.166020649034078
0.002,10,0.17098742723464966,2.2612271308898926,13.224522805333299,0.16803286969661713,2.6131889820098877,15.551653594490132
0.002,11,0.23408222198486328,2.43424391746521,10.399097790615718,0.2562004327774048,2.8254456520080566,11.028262604313769
0.002,12,0.4025997817516327,2.4925496578216553,6.1911351441301345,0.5133818984031677,2.8168938159942627,5.48693638158256
0.0018,0,0.011731033213436604,-0.01170722022652626,-0.9979700861401477,0.009710200130939484,-0.007686996832489967,-0.7916414418686377
0.0018,1,0.01258192490786314,0.22720320522785187,18.057905041688816,0.01066999789327383,0.2749526798725128,25.76876608812059
0.0018,2,-0.6941710710525513,-5.772881507873535,8.31622311647226,2.334700107574463,20.687137603759766,8.86072585367368
0.0018,3,0.022617343813180923,0.684622585773468,30.269804952714388,0.020898256450891495,0.8383276462554932,40.114717140421114
0.0018,4,0.03288426622748375,0.9722244739532471,29.565034756368963,0.03477482870221138,1.2679029703140259,36.460365661942085
0.0018,5,0.04643138125538826,1.247498869895935,26.867580420110063,0.06867168843746185,1.698451042175293,24.732915133170835
0.0018,6,0.1668839454650879,3.324491500854492,19.920978567407946,1.02611243724823,30.16390609741211,29.39629713319133
0.0018,7,0.08859951794147491,1.763134479522705,19.900045965118647,0.08655713498592377,2.1417465209960938,24.743731655910196
0.0018,8,0.10748987644910812,1.902335286140442,17.697808844734478,0.11157471686601639,2.3261587619781494,20.848439747971746
0.0018,9,0.21734632551670074,2.586257219314575,11.899245193891483,0.4079703986644745,15.13968276977539,37.10975801022922
0.0018,10,0.17064684629440308,2.2287750244140625,13.06074546826924,0.18146726489067078,2.675060272216797,14.74128280838117
0.0018,11,0.23589056730270386,2.393059015274048,10.144784688245641,0.2642557621002197,2.774160861968994,10.498014650355612
0.0018,12,0.2682837247848511,2.5872650146484375,9.643764327199808,0.27019089460372925,2.9993979930877686,11.101032836383267
